run_id,equiv_grad_budget,row,deriv_evals,equiv_grad_evals,f_vals,update_norms,full_grad_norms,proj_grad_norms,config_str
5f317b4b33,3000,0,0,0.0,1103212569430.8875,79.42954580094994,2947735965.0677257,2947735965.0677257,"ProjectedCommonDirectionsConfig(subspace_frac_grads=0, subspace_frac_updates=0, subspace_frac_random=0.5, direction_str=newton, use_hess=True, inner_use_full_grad=True, reg_lambda=0, orth_P_k=True, beta=0.001, tau=0.5, c_const=inf, N_try=200, alpha_max=1, p_const=1)"
5f317b4b33,3000,1,5150,51.5,973029530107.0653,140.04999956958184,2768589428.298361,2768589428.298361,
5f317b4b33,3000,2,10300,103.0,780637943876.5796,2.70562031756919e-13,2477248455.0718164,2477248455.0718164,
5f317b4b33,3000,3,15450,154.5,780637943876.5796,17.420012961475074,2477248455.0718164,2477248455.0718164,
5f317b4b33,3000,4,20600,206.0,780081413450.603,9.653579656157715e-13,2476027228.725102,2476027228.725102,
5f317b4b33,3000,5,25750,257.5,780081413450.603,2.3740682567124165e-13,2476027228.725102,2476027228.725102,
5f317b4b33,3000,6,30900,309.0,780081413450.6029,1.6735160718055092e-14,2476027228.725102,2476027228.725102,
5f317b4b33,3000,7,36050,360.5,780081413450.6029,13.954689301601324,2476027228.725102,2476027228.725102,
5f317b4b33,3000,8,41200,412.0,779757786277.405,7.511380500136655e-13,2475539168.4588084,2475539168.4588084,
5f317b4b33,3000,9,46350,463.5,779757786277.405,17.02875026081937,2475539168.4588084,2475539168.4588084,
5f317b4b33,3000,10,51500,515.0,779586422038.6731,7.788113912681409e-13,2475495388.4345655,2475495388.4345655,
5f317b4b33,3000,11,56650,566.5,779586422038.6731,83.63711729340191,2475495388.434566,2475495388.434566,
5f317b4b33,3000,12,61800,618.0,771548760078.6538,33.328413119463924,2461058415.764879,2461058415.764879,
5f317b4b33,3000,13,66950,669.5,769940964157.4431,2.1053245212111448e-13,2458152975.4788036,2458152975.4788036,
5f317b4b33,3000,14,72100,721.0,769940964157.4431,9.42409322214534e-14,2458152975.4788036,2458152975.4788036,
5f317b4b33,3000,15,77250,772.5,769940964157.4431,163.5507685640008,2458152975.478804,2458152975.478804,
5f317b4b33,3000,16,82400,824.0,558782722285.0251,377.3264664505673,2093258734.5376387,2093258734.5376387,
5f317b4b33,3000,17,87550,875.5,282105120076.99615,268.6991097247199,1490118236.608371,1490118236.608371,
5f317b4b33,3000,18,92700,927.0,167397859006.04413,203.7266663144467,1146789607.0049396,1146789607.0049396,
5f317b4b33,3000,19,97850,978.5,86278426844.75076,145.10742245778425,823419748.0928237,823419748.0928237,
5f317b4b33,3000,20,103000,1030.0,45831945985.023636,107.88606998029303,599973235.6722883,599973235.6722883,
5f317b4b33,3000,21,108150,1081.5,22523547781.816074,71.49178268828256,421479091.45881253,421479091.45881253,
5f317b4b33,3000,22,113300,1133.0,12534154665.167604,58.66113557516971,314470860.1730718,314470860.1730718,
5f317b4b33,3000,23,118450,1184.5,5875333730.442531,39.8950013062823,214637513.62409693,214637513.62409693,
5f317b4b33,3000,24,123600,1236.0,2767136243.156512,23.804145355171613,147088690.9166633,147088690.9166633,
5f317b4b33,3000,25,128750,1287.5,1648771341.5539672,21.664021525059308,113597446.43938641,113597446.43938641,
5f317b4b33,3000,26,133900,1339.0,724615171.1180662,14.837356988421387,75320561.72466068,75320561.72466068,
5f317b4b33,3000,27,139050,1390.5,292755133.15769726,9.594422625066137,47871845.78522922,47871845.78522922,
5f317b4b33,3000,28,144200,1442.0,112892390.96110754,5.260297058128451,29758022.452724442,29758022.452724442,
5f317b4b33,3000,29,149350,1493.5,58697755.09474321,3.347567459515363,21452540.916890915,21452540.916890915,
5f317b4b33,3000,30,154500,1545.0,36732215.485437036,3.0017459045094346,16951022.39529631,16951022.39529631,
5f317b4b33,3000,31,159650,1596.5,19104974.73112859,1.8730893301049842,12241245.673348838,12241245.673348838,
5f317b4b33,3000,32,164800,1648.0,12228895.639405772,1.680153494490682,9792643.392162934,9792643.392162934,
5f317b4b33,3000,33,169950,1699.5,6681497.049994022,1.244504761431853,7231309.2775738975,7231309.2775738975,
5f317b4b33,3000,34,175100,1751.0,3645663.9504017127,1.0516761875071121,5343157.105534724,5343157.105534724,
5f317b4b33,3000,35,180250,1802.5,1480588.1643747108,0.5851373932398851,3408556.1675285893,3408556.1675285893,
5f317b4b33,3000,36,185400,1854.0,809336.0048766353,0.39477488606601235,2522410.0278866445,2522410.0278866445,
5f317b4b33,3000,37,190550,1905.5,502137.3556953563,0.3776875521903418,1982394.7196925138,1982394.7196925138,
5f317b4b33,3000,38,195700,1957.0,223386.67815521313,0.2565813807599255,1323160.5606263762,1323160.5606263762,
5f317b4b33,3000,39,200850,2008.5,94661.70307519416,0.16979448833542424,861104.1624995689,861104.1624995689,
5f317b4b33,3000,40,206000,2060.0,38235.165806510005,0.08800762912894602,547892.1487089875,547892.1487089875,
5f317b4b33,3000,41,211150,2111.5,22992.25694926205,0.07245310176701489,423972.62069421215,423972.62069421215,
5f317b4b33,3000,42,216300,2163.0,12754.853768529603,0.054358613317669495,316122.62206919276,316122.62206919276,
5f317b4b33,3000,43,221450,2214.5,6966.3137509949165,0.04320668870344195,233566.2150494127,233566.2150494127,
5f317b4b33,3000,44,226600,2266.0,3310.894598251536,0.02933459439384689,161093.3947307828,161093.3947307828,
5f317b4b33,3000,45,231750,2317.5,1625.1855552411562,0.021235526561490012,112887.32199071579,112887.32199071579,
5f317b4b33,3000,46,236900,2369.0,740.6409485703213,0.014732035575327825,76216.02121135131,76216.02121135131,
5f317b4b33,3000,47,242050,2420.5,315.42229784878407,0.00913764156971961,49699.639561823584,49699.639561823584,
5f317b4b33,3000,48,247200,2472.0,151.90597916354903,0.005974742174784924,34502.17691051101,34502.17691051101,
5f317b4b33,3000,49,252350,2523.5,81.78385778322952,0.004656642371739236,25301.567881903673,25301.567881903673,
5f317b4b33,3000,50,257500,2575.0,39.312553739890134,0.003456513117342247,17547.979161849256,17547.979161849256,
5f317b4b33,3000,51,262650,2626.5,15.991113940724741,0.0019427665857910058,11201.739959350136,11201.739959350136,
5f317b4b33,3000,52,267800,2678.0,8.578194043086791,0.0014435628651175293,8198.109509729707,8198.109509729707,
5f317b4b33,3000,53,272950,2729.5,4.504896921677719,0.0010682866761579776,5942.868029639994,5942.868029639994,
5f317b4b33,3000,54,278100,2781.0,2.270738493886184,0.0007727488196316131,4213.887366410938,4213.887366410938,
5f317b4b33,3000,55,283250,2832.5,1.103045233623393,0.0005415797224025441,2940.0152185126226,2940.0152185126226,
5f317b4b33,3000,56,288400,2884.0,0.527839040588961,0.00037749499166436746,2032.5847361140488,2032.5847361140488,
5f317b4b33,3000,57,293550,2935.5,0.2486585141923503,0.00027339652469262363,1395.908408341523,1395.908408341523,
5f317b4b33,3000,58,298700,2987.0,0.10222911809387814,,895.9067034115702,895.9067034115702,
a2c0c7ab50,3000,0,0,0.0,1103212569430.8875,89.49626800537348,2947735965.0677257,2947735965.0677257,"ProjectedCommonDirectionsConfig(subspace_frac_grads=0, subspace_frac_updates=0, subspace_frac_random=0.5, direction_str=newton, use_hess=True, inner_use_full_grad=True, reg_lambda=0, orth_P_k=True, beta=0.001, tau=0.5, c_const=inf, N_try=200, alpha_max=1, p_const=1)"
a2c0c7ab50,3000,1,5150,51.5,950137161694.3816,17.52286691224275,2733322293.652713,2733322293.652713,
a2c0c7ab50,3000,2,10300,103.0,949944030651.4838,100.26012964006637,2733126725.1066957,2733126725.1066957,
a2c0c7ab50,3000,3,15450,154.5,946607038889.3861,180.0622864086985,2732444687.630536,2732444687.630536,
a2c0c7ab50,3000,4,20600,206.0,670198315368.6062,243.49493793869902,2293932958.0930085,2293932958.0930085,
a2c0c7ab50,3000,5,25750,257.5,630177692290.3607,221.4346744108109,2225194898.37359,2225194898.37359,
a2c0c7ab50,3000,6,30900,309.0,352979305132.39355,142.84892372988728,1664707497.1907666,1664707497.1907666,
a2c0c7ab50,3000,7,36050,360.5,343266690523.1441,252.61427139079737,1644961738.039341,1644961738.039341,
a2c0c7ab50,3000,8,41200,412.0,152111072519.20306,195.7085471203849,1093614810.8586962,1093614810.8586962,
a2c0c7ab50,3000,9,46350,463.5,77449692851.2705,140.86905460989516,779496860.6410393,779496860.6410393,
a2c0c7ab50,3000,10,51500,515.0,38294724161.410805,86.60146351766078,548393550.2612879,548393550.2612879,
a2c0c7ab50,3000,11,56650,566.5,23750895335.959038,75.00837609183691,431167630.9762433,431167630.9762433,
a2c0c7ab50,3000,12,61800,618.0,12958758801.66546,53.101743075964116,318947056.3867617,318947056.3867617,
a2c0c7ab50,3000,13,66950,669.5,7408097630.21191,50.991563514785234,241054907.25272292,241054907.25272292,
a2c0c7ab50,3000,14,72100,721.0,2290041118.15595,26.121831339412264,133992509.96005753,133992509.96005753,
a2c0c7ab50,3000,15,77250,772.5,947072297.7506523,14.71644183410463,86203838.17488521,86203838.17488521,
a2c0c7ab50,3000,16,82400,824.0,521730301.50380063,11.243931660112128,64051463.897352606,64051463.897352606,
a2c0c7ab50,3000,17,87550,875.5,273477074.62383777,7.853469350106286,46300021.63205505,46300021.63205505,
a2c0c7ab50,3000,18,92700,927.0,153091139.86762,5.833297771073977,34625639.81195306,34625639.81195306,
a2c0c7ab50,3000,19,97850,978.5,86395206.32103772,4.7674159669663725,26019981.392117653,26019981.392117653,
a2c0c7ab50,3000,20,103000,1030.0,41783489.35557234,3.6885170138478256,18102313.82359718,18102313.82359718,
a2c0c7ab50,3000,21,108150,1081.5,15109791.933173817,1.934526355150871,10886881.130874958,10886881.130874958,
a2c0c7ab50,3000,22,113300,1133.0,7771709.258396497,1.3894594691107849,7802132.803184496,7802132.803184496,
a2c0c7ab50,3000,23,118450,1184.5,3989031.07128038,1.024926772631984,5590524.056544645,5590524.056544645,
a2c0c7ab50,3000,24,123600,1236.0,1925354.2441029106,0.7128851506963854,3879309.4960926273,3879309.4960926273,
a2c0c7ab50,3000,25,128750,1287.5,929954.3469210442,0.4822610585390401,2697952.056015303,2697952.056015303,
a2c0c7ab50,3000,26,133900,1339.0,475122.93217398645,0.34548571020438557,1931244.304629472,1931244.304629472,
a2c0c7ab50,3000,27,139050,1390.5,240535.00229975814,0.22317661206064215,1373561.425024055,1373561.425024055,
a2c0c7ab50,3000,28,144200,1442.0,142906.96568914267,0.19369179054755872,1058926.5422467648,1058926.5422467648,
a2c0c7ab50,3000,29,149350,1493.5,69318.60745028213,0.1258024374560969,736622.2354955933,736622.2354955933,
a2c0c7ab50,3000,30,154500,1545.0,38281.494299291866,0.10088627112131264,547650.869015192,547650.869015192,
a2c0c7ab50,3000,31,159650,1596.5,18348.657866362537,0.06878976089511821,379331.67625587416,379331.67625587416,
a2c0c7ab50,3000,32,164800,1648.0,9081.167154547747,0.05121517320228314,266889.7777079276,266889.7777079276,
a2c0c7ab50,3000,33,169950,1699.5,3930.0579610995037,0.033945783370494226,175594.45398590167,175594.45398590167,
a2c0c7ab50,3000,34,175100,1751.0,1671.5291458675786,0.019013035586692102,114690.02305939602,114690.02305939602,
a2c0c7ab50,3000,35,180250,1802.5,963.1268443989273,0.015763247970216165,86993.7664295517,86993.7664295517,
a2c0c7ab50,3000,36,185400,1854.0,474.9275212723153,0.012733635207049059,61011.26275406718,61011.26275406718,
a2c0c7ab50,3000,37,190550,1905.5,157.14480108566093,0.005950136979038411,35139.07807398428,35139.07807398428,
a2c0c7ab50,3000,38,195700,1957.0,87.62400706582103,0.0050648338893302565,26215.06667589757,26215.06667589757,
a2c0c7ab50,3000,39,200850,2008.5,37.314462753202086,0.003130921933499635,17097.50133346461,17097.50133346461,
a2c0c7ab50,3000,40,206000,2060.0,18.108998816168587,0.0023647540727797225,11911.261477141883,11911.261477141883,
a2c0c7ab50,3000,41,211150,2111.5,7.144919941844945,0.0015069857744380909,7486.808122941137,7486.808122941137,
a2c0c7ab50,3000,42,216300,2163.0,2.6969217514721313,0.0008583483728470891,4596.44413617098,4596.44413617098,
a2c0c7ab50,3000,43,221450,2214.5,1.2537353018226824,0.0005895762927469758,3134.602669940399,3134.602669940399,
a2c0c7ab50,3000,44,226600,2266.0,0.5718468640166704,0.0003794486654104289,2115.729634720239,2115.729634720239,
a2c0c7ab50,3000,45,231750,2317.5,0.2897787291571742,0.00025292263160728735,1507.4519589593137,1507.4519589593137,
a2c0c7ab50,3000,46,236900,2369.0,0.1644177511172126,0.00019913733416119256,1135.1877709532014,1135.1877709532014,
a2c0c7ab50,3000,47,242050,2420.5,0.08688179636323218,0.0001615639068948636,825.2617895299869,825.2617895299869,
a2c0c7ab50,3000,48,247200,2472.0,0.035776962550787966,0.00010189599691837587,530.2891409781718,530.2891409781718,
a2c0c7ab50,3000,49,252350,2523.5,0.015457406852402518,6.825403052952228e-05,348.05049779344046,348.05049779344046,
a2c0c7ab50,3000,50,257500,2575.0,0.006346729525879204,3.665080890181195e-05,223.07496210224667,223.07496210224667,
a2c0c7ab50,3000,51,262650,2626.5,0.0037156356857007524,3.058535830537945e-05,170.6680975833242,170.6680975833242,
a2c0c7ab50,3000,52,267800,2678.0,0.0018742087752068566,2.2829739397908448e-05,121.14151846128401,121.14151846128401,
a2c0c7ab50,3000,53,272950,2729.5,0.0008525544602673228,1.3285809059661786e-05,81.7152666972709,81.7152666972709,
a2c0c7ab50,3000,54,278100,2781.0,0.0005065772103822777,1.038683565567682e-05,62.99311682002609,62.99311682002609,
a2c0c7ab50,3000,55,283250,2832.5,0.000295799532977329,8.554018974571024e-06,48.17421604775267,48.17421604775267,
a2c0c7ab50,3000,56,288400,2884.0,0.000152456330239245,6.354809794436031e-06,34.55517175223969,34.55517175223969,
a2c0c7ab50,3000,57,293550,2935.5,7.350441935373367e-05,4.305226029118001e-06,24.008915354762134,24.008915354762134,
a2c0c7ab50,3000,58,298700,2987.0,3.723806783733841e-05,,17.078993652950725,17.078993652950725,
2b5cca4a50,3000,0,0,0.0,1103212569430.8875,19.10473173275557,2947735965.0677257,2947735965.0677257,"ProjectedCommonDirectionsConfig(subspace_frac_grads=0, subspace_frac_updates=0, subspace_frac_random=0.5, direction_str=newton, use_hess=True, inner_use_full_grad=True, reg_lambda=0, orth_P_k=True, beta=0.001, tau=0.5, c_const=inf, N_try=200, alpha_max=1, p_const=1)"
2b5cca4a50,3000,1,5150,51.5,1102978252453.2852,146.0799863655085,2946796253.7466307,2946796253.7466307,
2b5cca4a50,3000,2,10300,103.0,850191969673.5199,7.011497029086459,2587263299.3798757,2587263299.3798757,
2b5cca4a50,3000,3,15450,154.5,850130580550.4585,138.25527353197484,2586989367.8554783,2586989367.8554783,
2b5cca4a50,3000,4,20600,206.0,653456399790.8523,423.2322101657798,2265957143.5231524,2265957143.5231524,
2b5cca4a50,3000,5,25750,257.5,290750321721.463,319.6896812536775,1510697628.4027057,1510697628.4027057,
2b5cca4a50,3000,6,30900,309.0,154033875596.66125,178.19995895090605,1099662477.3186579,1099662477.3186579,
2b5cca4a50,3000,7,36050,360.5,92090167902.44084,144.7891289476424,850094703.164864,850094703.164864,
2b5cca4a50,3000,8,41200,412.0,51500965299.2947,118.14824331849252,636276956.5339032,636276956.5339032,
2b5cca4a50,3000,9,46350,463.5,25031696471.285683,79.40497874402176,444575914.10914385,444575914.10914385,
2b5cca4a50,3000,10,51500,515.0,12648036516.25671,51.6855924595218,315847114.73359793,315847114.73359793,
2b5cca4a50,3000,11,56650,566.5,7361883476.216611,39.52972395990667,240293969.9677808,240293969.9677808,
2b5cca4a50,3000,12,61800,618.0,4295883231.949672,31.616003075059535,183466507.8696204,183466507.8696204,
2b5cca4a50,3000,13,66950,669.5,2323522520.416871,22.958234484376725,134657017.03696883,134657017.03696883,
2b5cca4a50,3000,14,72100,721.0,1297832049.6099842,17.87442823997938,100709718.93946528,100709718.93946528,
2b5cca4a50,3000,15,77250,772.5,673931062.2611918,13.642442002495647,72677078.50201309,72677078.50201309,
2b5cca4a50,3000,16,82400,824.0,309443236.5072688,9.692561437186992,49253261.998902194,49253261.998902194,
2b5cca4a50,3000,17,87550,875.5,125365404.56786144,5.022222249320103,31309648.242276225,31309648.242276225,
2b5cca4a50,3000,18,92700,927.0,76044312.30991821,4.377087400076677,24417258.99228134,24417258.99228134,
2b5cca4a50,3000,19,97850,978.5,38626476.89715444,3.425254928328997,17392186.886936046,17392186.886936046,
2b5cca4a50,3000,20,103000,1030.0,15596525.71267666,2.0651475193466498,11048740.117990734,11048740.117990734,
2b5cca4a50,3000,21,108150,1081.5,7243932.460640088,1.314474030210674,7530523.571305706,7530523.571305706,
2b5cca4a50,3000,22,113300,1133.0,3864569.52197777,1.0202818202601112,5505227.514507156,5505227.514507156,
2b5cca4a50,3000,23,118450,1184.5,1825065.6830569042,0.721899510270927,3783403.922293538,3783403.922293538,
2b5cca4a50,3000,24,123600,1236.0,804739.5779809502,0.4393519940059793,2513780.6153957713,2513780.6153957713,
2b5cca4a50,3000,25,128750,1287.5,425047.46682297887,0.3059068100982921,1822896.1726195768,1822896.1726195768,
2b5cca4a50,3000,26,133900,1339.0,241830.96979715215,0.20958877292063957,1375651.8940215346,1375651.8940215346,
2b5cca4a50,3000,27,139050,1390.5,155833.38333149636,0.19267223324136865,1105629.7872685927,1105629.7872685927,
2b5cca4a50,3000,28,144200,1442.0,83050.73085886569,0.1482578665303331,806646.1836444805,806646.1836444805,
2b5cca4a50,3000,29,149350,1493.5,39885.1477458093,0.0983112864922376,558221.3798196693,558221.3798196693,
2b5cca4a50,3000,30,154500,1545.0,20970.280025834607,0.0732368019859284,405389.2455335288,405389.2455335288,
2b5cca4a50,3000,31,159650,1596.5,10471.77622006834,0.044646739394204965,286679.4452383608,286679.4452383608,
2b5cca4a50,3000,32,164800,1648.0,6556.196712057053,0.04211360822898434,226726.3934782574,226726.3934782574,
2b5cca4a50,3000,33,169950,1699.5,3079.830287484601,0.027801716944912555,155392.32192104257,155392.32192104257,
2b5cca4a50,3000,34,175100,1751.0,1562.4116803196544,0.020757710534542752,110819.89679171056,110819.89679171056,
2b5cca4a50,3000,35,180250,1802.5,717.5263544042314,0.013562644804281893,75123.50628393269,75123.50628393269,
2b5cca4a50,3000,36,185400,1854.0,356.8678716437654,0.009053889960656352,52884.140835340375,52884.140835340375,
2b5cca4a50,3000,37,190550,1905.5,196.1618507095884,0.007234249729252708,39183.682050487354,39183.682050487354,
2b5cca4a50,3000,38,195700,1957.0,93.64159890234298,0.004665072736815811,27074.35258757568,27074.35258757568,
2b5cca4a50,3000,39,200850,2008.5,50.92685922554647,0.003963003847308236,19971.819213878913,19971.819213878913,
2b5cca4a50,3000,40,206000,2060.0,20.324423585176696,0.002257619542540317,12618.551907980082,12618.551907980082,
2b5cca4a50,3000,41,211150,2111.5,10.354717804086366,0.001540116305407519,9010.40941753745,9010.40941753745,
2b5cca4a50,3000,42,216300,2163.0,5.7056505881630635,0.001248256356880796,6688.813021578767,6688.813021578767,
2b5cca4a50,3000,43,221450,2214.5,2.6513506873895545,0.0007913822137092099,4560.152109466435,4560.152109466435,
2b5cca4a50,3000,44,226600,2266.0,1.4243930662092694,0.0005520200774903818,3343.4744333672274,3343.4744333672274,
2b5cca4a50,3000,45,231750,2317.5,0.8274884726223333,0.00046921342804884524,2550.296908391082,2550.296908391082,
2b5cca4a50,3000,46,236900,2369.0,0.39549734726504965,0.0003193465831084249,1760.366797231057,1760.366797231057,
2b5cca4a50,3000,47,242050,2420.5,0.1957077929102687,0.00023638113800179418,1238.7174455805298,1238.7174455805298,
2b5cca4a50,3000,48,247200,2472.0,0.08637784924873274,0.00014932744025624584,822.7794742248649,822.7794742248649,
2b5cca4a50,3000,49,252350,2523.5,0.042759548153063556,9.165302966781115e-05,579.2236408462586,579.2236408462586,
2b5cca4a50,3000,50,257500,2575.0,0.026296065335679776,8.935963499957244e-05,453.9192138782732,453.9192138782732,
2b5cca4a50,3000,51,262650,2626.5,0.01064164550645906,5.442573028483675e-05,288.66583450822867,288.66583450822867,
2b5cca4a50,3000,52,267800,2678.0,0.004852531559482256,3.49196032793714e-05,195.0653369918142,195.0653369918142,
2b5cca4a50,3000,53,272950,2729.5,0.002462724951482657,2.610741879313786e-05,138.97393254337973,138.97393254337973,
2b5cca4a50,3000,54,278100,2781.0,0.0011256182411613627,1.6750916977572606e-05,93.92825392675407,93.92825392675407,
2b5cca4a50,3000,55,283250,2832.5,0.000576355461984338,1.2616922249793477e-05,67.24373023300936,67.24373023300936,
2b5cca4a50,3000,56,288400,2884.0,0.0002646850835020497,8.590740882759674e-06,45.55795995358463,45.55795995358463,
2b5cca4a50,3000,57,293550,2935.5,0.00012002388504104074,5.2356441806707705e-06,30.675146778535492,30.675146778535492,
2b5cca4a50,3000,58,298700,2987.0,6.628698549450392e-05,,22.80141195986429,22.80141195986429,
2496c77529,3000,0,0,0.0,1103212569430.8875,77.31895540813079,2947735965.0677257,2947735965.0677257,"ProjectedCommonDirectionsConfig(subspace_frac_grads=0, subspace_frac_updates=0, subspace_frac_random=0.5, direction_str=newton, use_hess=True, inner_use_full_grad=True, reg_lambda=0, orth_P_k=True, beta=0.001, tau=0.5, c_const=inf, N_try=200, alpha_max=1, p_const=1)"
2496c77529,3000,1,5150,51.5,970044879271.41,67.0174463394556,2764468181.8407826,2764468181.8407826,
2496c77529,3000,2,10300,103.0,962546349348.2837,187.29069285965548,2753101881.7368503,2753101881.7368503,
2496c77529,3000,3,15450,154.5,645429591795.8004,19.22587213410717,2253643970.4992976,2253643970.4992976,
2496c77529,3000,4,20600,206.0,644720736047.1339,8.388717789904886e-13,2251928589.288679,2251928589.288679,
2496c77529,3000,5,25750,257.5,644720736047.1339,219.2251424749788,2251928589.288679,2251928589.288679,
2496c77529,3000,6,30900,309.0,396326059033.53815,16.732856322921922,1765100257.8338666,1765100257.8338666,
2496c77529,3000,7,36050,360.5,395831470508.7605,303.26374097576013,1764991872.2543843,1764991872.2543843,
2496c77529,3000,8,41200,412.0,214302248888.75046,228.16917864137855,1295314492.9137168,1295314492.9137168,
2496c77529,3000,9,46350,463.5,106885901135.126,158.07004283186663,915890360.3998668,915890360.3998668,
2496c77529,3000,10,51500,515.0,56887730067.05534,117.84844274754677,667917594.2634336,667917594.2634336,
2496c77529,3000,11,56650,566.5,29654670885.276073,90.30693202486881,482904456.96896493,482904456.96896493,
2496c77529,3000,12,61800,618.0,13639160065.732838,55.21751362405586,328526103.47580826,328526103.47580826,
2496c77529,3000,13,66950,669.5,7721493257.406973,46.13514699257105,246816778.2292247,246816778.2292247,
2496c77529,3000,14,72100,721.0,3496405740.49356,27.38727107259405,165588090.86290854,165588090.86290854,
2496c77529,3000,15,77250,772.5,2012493081.204264,21.54020229969466,125681192.37957512,125681192.37957512,
2496c77529,3000,16,82400,824.0,1097850583.514853,16.117730168168475,92814842.5758509,92814842.5758509,
2496c77529,3000,17,87550,875.5,588706972.2687376,13.31176371163773,67929666.11471534,67929666.11471534,
2496c77529,3000,18,92700,927.0,242862944.68165112,7.453021395956263,43622004.18536648,43622004.18536648,
2496c77529,3000,19,97850,978.5,133922744.25131266,6.575535036375129,32419427.447690498,32419427.447690498,
2496c77529,3000,20,103000,1030.0,48876303.783475354,3.7093832921818466,19561685.481006842,19561685.481006842,
2496c77529,3000,21,108150,1081.5,21900308.84749372,2.2503784863881156,13100162.605115296,13100162.605115296,
2496c77529,3000,22,113300,1133.0,12018312.097411588,1.6019601157435412,9707403.47344785,9707403.47344785,
2496c77529,3000,23,118450,1184.5,6982196.644519151,1.3761440318565057,7396671.001651307,7396671.001651307,
2496c77529,3000,24,123600,1236.0,3279746.6152612465,0.9593283670402418,5067120.8369563995,5067120.8369563995,
2496c77529,3000,25,128750,1287.5,1477148.5882335168,0.5684154231074019,3405333.401257685,3405333.401257685,
2496c77529,3000,26,133900,1339.0,844182.9743172219,0.4951040875434644,2573619.0680660685,2573619.0680660685,
2496c77529,3000,27,139050,1390.5,363945.53408179845,0.32165345443645665,1687994.0160978856,1687994.0160978856,
2496c77529,3000,28,144200,1442.0,161447.9392596585,0.22484318405197404,1124975.9482986524,1124975.9482986524,
2496c77529,3000,29,149350,1493.5,62391.107688678654,0.13298761760686967,698319.981432987,698319.981432987,
2496c77529,3000,30,154500,1545.0,27708.735972737948,0.07737057705158845,464665.09567562223,464665.09567562223,
2496c77529,3000,31,159650,1596.5,15990.053067102052,0.06443692063913894,353195.5199698832,353195.5199698832,
2496c77529,3000,32,164800,1648.0,7846.957717675635,0.04629704798052374,246812.45709578987,246812.45709578987,
2496c77529,3000,33,169950,1699.5,3670.1022794488954,0.030593639415615614,169384.69647879407,169384.69647879407,
2496c77529,3000,34,175100,1751.0,1839.527469402839,0.020737775707722523,120061.20594406634,120061.20594406634,
2496c77529,3000,35,180250,1802.5,994.6088034412908,0.01604988013271523,88247.16691878893,88247.16691878893,
2496c77529,3000,36,185400,1854.0,491.6779352016851,0.011304137283596175,62086.35236261633,62086.35236261633,
2496c77529,3000,37,190550,1905.5,241.13916583052918,0.007885868698774308,43469.70597391312,43469.70597391312,
2496c77529,3000,38,195700,1957.0,119.64940131927912,0.005150405362174067,30641.911805943637,30641.911805943637,
2496c77529,3000,39,200850,2008.5,67.70086347726854,0.004314650370165017,23051.538024285845,23051.538024285845,
2496c77529,3000,40,206000,2060.0,31.240744811835903,0.0032458926397858317,15685.073361525092,15685.073361525092,
2496c77529,3000,41,211150,2111.5,10.473154126362399,0.0016485628739509425,9060.160960185318,9060.160960185318,
2496c77529,3000,42,216300,2163.0,5.1454263897903765,0.0011658281605630336,6353.076714151626,6353.076714151626,
2496c77529,3000,43,221450,2214.5,2.477374453503173,0.0007852840614297018,4407.846718492225,4407.846718492225,
2496c77529,3000,44,226600,2266.0,1.2678677112183712,0.0005800519260022875,3152.954700599426,3152.954700599426,
2496c77529,3000,45,231750,2317.5,0.6065200451543868,0.0003813208256668964,2182.1210061851416,2182.1210061851416,
2496c77529,3000,46,236900,2369.0,0.32128988166380956,0.00028096334035290316,1587.0177582952356,1587.0177582952356,
2496c77529,3000,47,242050,2420.5,0.16653925979258674,0.00019470555280352365,1142.8477447215569,1142.8477447215569,
2496c77529,3000,48,247200,2472.0,0.0921117904681215,0.00015576514737078158,848.8665054568885,848.8665054568885,
2496c77529,3000,49,252350,2523.5,0.04464095384842029,0.00011162568612376351,591.4652309876325,591.4652309876325,
2496c77529,3000,50,257500,2575.0,0.020218902528573002,7.525099136565703e-05,398.09145781259815,398.09145781259815,
2496c77529,3000,51,262650,2626.5,0.009124526558434643,4.16145984026899e-05,267.35327167000105,267.35327167000105,
2496c77529,3000,52,267800,2678.0,0.005732024637480346,3.572623784303242e-05,211.874316386709,211.874316386709,
2496c77529,3000,53,272950,2729.5,0.0032318641383011558,3.057754410284596e-05,159.11224536880903,159.11224536880903,
2496c77529,3000,54,278100,2781.0,0.0014005598336673814,1.8010764091168323e-05,104.68035313915104,104.68035313915104,
2496c77529,3000,55,283250,2832.5,0.0007656610132115074,1.4884690250909474e-05,77.46238292683249,77.46238292683249,
2496c77529,3000,56,288400,2884.0,0.00033125932490916005,8.495522796473475e-06,50.925000012792616,50.925000012792616,
2496c77529,3000,57,293550,2935.5,0.00018999578856440254,6.633215401151463e-06,38.609552661024736,38.609552661024736,
2496c77529,3000,58,298700,2987.0,0.00010364637728075268,,28.50939440227373,28.50939440227373,
58e36f58dd,3000,0,0,0.0,1103212569430.8875,41.005250451698416,2947735965.0677257,2947735965.0677257,"ProjectedCommonDirectionsConfig(subspace_frac_grads=0, subspace_frac_updates=0, subspace_frac_random=0.5, direction_str=newton, use_hess=True, inner_use_full_grad=True, reg_lambda=0, orth_P_k=True, beta=0.001, tau=0.5, c_const=inf, N_try=200, alpha_max=1, p_const=1)"
58e36f58dd,3000,1,5150,51.5,1103154803231.688,173.74156383899714,2946153497.1549406,2946153497.1549406,
58e36f58dd,3000,2,10300,103.0,1102447831608.0483,1.550044549922712e-13,2939684400.194351,2939684400.194351,
58e36f58dd,3000,3,15450,154.5,1102447831608.0483,64.51448700152959,2939684400.194351,2939684400.194351,
58e36f58dd,3000,4,20600,206.0,1095506399724.8892,286.6435404545654,2929855938.21879,2929855938.21879,
58e36f58dd,3000,5,25750,257.5,649251503711.9032,173.2748970889658,2254667328.263162,2254667328.263162,
58e36f58dd,3000,6,30900,309.0,462323363278.9267,1.5319352641717265e-13,1905509520.3598626,1905509520.3598626,
58e36f58dd,3000,7,36050,360.5,462323363278.9267,2.197444303841655e-14,1905509520.3598626,1905509520.3598626,
58e36f58dd,3000,8,41200,412.0,462323363278.9267,196.75588944365373,1905509520.3598628,1905509520.3598628,
58e36f58dd,3000,9,46350,463.5,393691009810.73315,3.096458103487749e-13,1757117026.3771281,1757117026.3771281,
58e36f58dd,3000,10,51500,515.0,393691009810.73315,125.13000032754692,1757117026.3771281,1757117026.3771281,
58e36f58dd,3000,11,56650,566.5,392266326737.86127,31.10678695800354,1756145524.6806102,1756145524.6806102,
58e36f58dd,3000,12,61800,618.0,391979281053.1117,399.36206498682736,1751726373.7165062,1751726373.7165062,
58e36f58dd,3000,13,66950,669.5,226775449334.404,278.36881499507024,1333417097.7191603,1333417097.7191603,
58e36f58dd,3000,14,72100,721.0,110974093038.50635,183.3357999091965,931480013.7521802,931480013.7521802,
58e36f58dd,3000,15,77250,772.5,43921188284.00134,104.49442190099109,586961485.9375986,586961485.9375986,
58e36f58dd,3000,16,82400,824.0,23081837971.042297,88.29051825212032,427567190.4772826,427567190.4772826,
58e36f58dd,3000,17,87550,875.5,7788540214.772706,42.689069700297345,247614071.42010975,247614071.42010975,
58e36f58dd,3000,18,92700,927.0,4203253623.1589403,30.130435190889663,181561177.27615964,181561177.27615964,
58e36f58dd,3000,19,97850,978.5,2420762134.9513044,26.84935607659548,137754421.00310963,137754421.00310963,
58e36f58dd,3000,20,103000,1030.0,1004766419.3715476,15.095941205153887,88728074.70137404,88728074.70137404,
58e36f58dd,3000,21,108150,1081.5,557261813.0879512,12.36096476712831,66137822.12786495,66137822.12786495,
58e36f58dd,3000,22,113300,1133.0,256553186.6102716,8.05846328679786,44855189.32448849,44855189.32448849,
58e36f58dd,3000,23,118450,1184.5,128743416.72409807,5.3843445048319145,31757209.2282472,31757209.2282472,
58e36f58dd,3000,24,123600,1236.0,72058234.65325631,4.025681297204702,23741729.66746719,23741729.66746719,
58e36f58dd,3000,25,128750,1287.5,40337900.97862594,2.4627947342538974,17776179.950392492,17776179.950392492,
58e36f58dd,3000,26,133900,1339.0,28447023.450367443,2.9571737561140385,14927239.334665915,14927239.334665915,
58e36f58dd,3000,27,139050,1390.5,11335720.969593186,1.7261769037052552,9430085.086261218,9430085.086261218,
58e36f58dd,3000,28,144200,1442.0,5501960.018619728,1.1368966675235816,6569713.38845106,6569713.38845106,
58e36f58dd,3000,29,149350,1493.5,2966919.3000175585,0.8132023818462921,4820797.455451642,4820797.455451642,
58e36f58dd,3000,30,154500,1545.0,1671476.1887473504,0.6954002399617921,3621234.4552682606,3621234.4552682606,
58e36f58dd,3000,31,159650,1596.5,723673.6289175978,0.49812920454662707,2379679.7268621535,2379679.7268621535,
58e36f58dd,3000,32,164800,1648.0,238592.20469762041,0.24378511525771104,1367768.0269582693,1367768.0269582693,
58e36f58dd,3000,33,169950,1699.5,121945.55961544745,0.1978661196348609,978948.1043488268,978948.1043488268,
58e36f58dd,3000,34,175100,1751.0,45104.37474988647,0.10700082121483084,594800.8194027456,594800.8194027456,
58e36f58dd,3000,35,180250,1802.5,22661.20477140911,0.07488085890604744,421452.7390032902,421452.7390032902,
58e36f58dd,3000,36,185400,1854.0,11667.851760741923,0.05059122120721596,302280.87234512926,302280.87234512926,
58e36f58dd,3000,37,190550,1905.5,6641.674962972673,0.041781314208555596,228320.84018628186,228320.84018628186,
58e36f58dd,3000,38,195700,1957.0,3218.620258223995,0.029648557203887566,159308.6163564958,159308.6163564958,
58e36f58dd,3000,39,200850,2008.5,1496.0056661245885,0.02067110184959064,108154.50766083844,108154.50766083844,
58e36f58dd,3000,40,206000,2060.0,658.5876083782223,0.013986198953122038,71809.26559049633,71809.26559049633,
58e36f58dd,3000,41,211150,2111.5,275.62901653933534,0.008777225769120506,46514.9235250373,46514.9235250373,
58e36f58dd,3000,42,216300,2163.0,124.39465464775017,0.005426599331494579,31226.358604686513,31226.358604686513,
58e36f58dd,3000,43,221450,2214.5,66.64413780604937,0.0045285729973760245,22852.50789740466,22852.50789740466,
58e36f58dd,3000,44,226600,2266.0,26.444226181801522,0.002572881538625263,14381.215422857555,14381.215422857555,
58e36f58dd,3000,45,231750,2317.5,13.496664207415447,0.0020008015660543037,10286.043868286619,10286.043868286619,
58e36f58dd,3000,46,236900,2369.0,5.646407437835272,0.0011950444459088569,6657.957711425709,6657.957711425709,
58e36f58dd,3000,47,242050,2420.5,2.8474950197358067,0.000876490279504353,4724.4321439457235,4724.4321439457235,
58e36f58dd,3000,48,247200,2472.0,1.3433947889813747,0.0005317922443595171,3244.74561968588,3244.74561968588,
58e36f58dd,3000,49,252350,2523.5,0.788846622645688,0.0004476539225953481,2487.2978823526723,2487.2978823526723,
58e36f58dd,3000,50,257500,2575.0,0.3962188852587348,0.00033318623071157784,1762.6772505814163,1762.6772505814163,
58e36f58dd,3000,51,262650,2626.5,0.17883210950764075,0.0002109859351906854,1184.534556021145,1184.534556021145,
58e36f58dd,3000,52,267800,2678.0,0.09169292708629458,0.00013732418171865282,849.1194870737069,849.1194870737069,
58e36f58dd,3000,53,272950,2729.5,0.054656887615522703,9.969420358559506e-05,654.56601015136,654.56601015136,
58e36f58dd,3000,54,278100,2781.0,0.03512857685171559,9.088325376228094e-05,524.4019754573981,524.4019754573981,
58e36f58dd,3000,55,283250,2832.5,0.018958340300065758,6.898078496027397e-05,385.31638871549126,385.31638871549126,
58e36f58dd,3000,56,288400,2884.0,0.009666218605507803,4.553176645567811e-05,275.26840763493504,275.26840763493504,
58e36f58dd,3000,57,293550,2935.5,0.005602000506422789,3.791651696331505e-05,209.62810112003353,209.62810112003353,
58e36f58dd,3000,58,298700,2987.0,0.0027830130515894597,,147.7137735098223,147.7137735098223,
8fdfb41741,3000,0,0,0.0,1103212569430.8875,161.53638792868844,2947735965.0677257,2947735965.0677257,"ProjectedCommonDirectionsConfig(subspace_frac_grads=0, subspace_frac_updates=0, subspace_frac_random=0.5, direction_str=newton, use_hess=True, inner_use_full_grad=True, reg_lambda=0, orth_P_k=True, beta=0.001, tau=0.5, c_const=inf, N_try=200, alpha_max=1, p_const=1)"
8fdfb41741,3000,1,5150,51.5,973661705494.8921,3.931940529526691e-12,2770867565.7505894,2770867565.7505894,
8fdfb41741,3000,2,10300,103.0,973661705494.8921,127.3199740699596,2770867565.75059,2770867565.75059,
8fdfb41741,3000,3,15450,154.5,946963303335.2126,199.03112616626916,2733784704.567189,2733784704.567189,
8fdfb41741,3000,4,20600,206.0,644195894134.3363,5.188606462048945e-13,2249992893.710764,2249992893.710764,
8fdfb41741,3000,5,25750,257.5,644195894134.3362,79.11127021101696,2249992893.7107644,2249992893.7107644,
8fdfb41741,3000,6,30900,309.0,633852355635.2113,100.16199364395742,2230441728.9006286,2230441728.9006286,
8fdfb41741,3000,7,36050,360.5,623944699577.5278,1.3833014010145186e-12,2215141737.3056626,2215141737.3056626,
8fdfb41741,3000,8,41200,412.0,623944699577.5278,8.077980213435405,2215141737.305663,2215141737.305663,
8fdfb41741,3000,9,46350,463.5,623903295437.985,404.33218912088546,2214981410.12883,2214981410.12883,
8fdfb41741,3000,10,51500,515.0,286187727603.2537,293.6635850945067,1501456365.450044,1501456365.450044,
8fdfb41741,3000,11,56650,566.5,139608145829.80902,186.70970895023487,1046525339.6568782,1046525339.6568782,
8fdfb41741,3000,12,61800,618.0,69942562065.22801,152.7183237564589,741650359.4609783,741650359.4609783,
8fdfb41741,3000,13,66950,669.5,24541422263.5551,78.81798845637593,438286085.2208253,438286085.2208253,
8fdfb41741,3000,14,72100,721.0,12523558282.995955,52.953153750415936,314017460.6097518,314017460.6097518,
8fdfb41741,3000,15,77250,772.5,7011791219.5466,44.08350857555091,234665337.2747482,234665337.2747482,
8fdfb41741,3000,16,82400,824.0,3155495608.806962,27.113793041702827,157343004.9316027,157343004.9316027,
8fdfb41741,3000,17,87550,875.5,1718201504.9954693,21.472730976790327,115974378.52506639,115974378.52506639,
8fdfb41741,3000,18,92700,927.0,811037870.7493589,15.003892837863017,79471051.75994505,79471051.75994505,
8fdfb41741,3000,19,97850,978.5,371513560.3276824,10.03543021622938,53940758.866512425,53940758.866512425,
8fdfb41741,3000,20,103000,1030.0,174513001.91269946,7.549933702722812,36999430.95449787,36999430.95449787,
8fdfb41741,3000,21,108150,1081.5,62890461.94066297,3.738506127121425,22200270.61580922,22200270.61580922,
8fdfb41741,3000,22,113300,1133.0,35543277.88709706,3.246479142700082,16682387.260957273,16682387.260957273,
8fdfb41741,3000,23,118450,1184.5,14898736.676774746,1.7650195727397457,10800088.612880077,10800088.612880077,
8fdfb41741,3000,24,123600,1236.0,8797354.196336064,1.4567186407134862,8301101.665255891,8301101.665255891,
8fdfb41741,3000,25,128750,1287.5,4638722.349279596,1.205191353539018,6029644.84187418,6029644.84187418,
8fdfb41741,3000,26,133900,1339.0,1785229.5954715656,0.6248786846321639,3738009.3804245493,3738009.3804245493,
8fdfb41741,3000,27,139050,1390.5,1019656.5078656332,0.5217681195497755,2825988.4355121986,2825988.4355121986,
8fdfb41741,3000,28,144200,1442.0,485700.9984606087,0.39651356636055035,1950680.4021584068,1950680.4021584068,
8fdfb41741,3000,29,149350,1493.5,177526.2320320893,0.2017479029967258,1180214.5096100997,1180214.5096100997,
8fdfb41741,3000,30,154500,1545.0,97897.06181779095,0.1463673877218399,876156.536466635,876156.536466635,
8fdfb41741,3000,31,159650,1596.5,55869.52785759162,0.13557159648073558,661961.9977953456,661961.9977953456,
8fdfb41741,3000,32,164800,1648.0,19861.088390649875,0.07998855674413749,394728.69685846416,394728.69685846416,
8fdfb41741,3000,33,169950,1699.5,7314.035645468926,0.043460237313409984,239432.02937247,239432.02937247,
8fdfb41741,3000,34,175100,1751.0,3611.9657634601695,0.03285309587736351,168209.09127296612,168209.09127296612,
8fdfb41741,3000,35,180250,1802.5,1494.795375869306,0.01813362055461198,108169.6978694774,108169.6978694774,
8fdfb41741,3000,36,185400,1854.0,850.9019476154281,0.014818613820337998,81648.36918241152,81648.36918241152,
8fdfb41741,3000,37,190550,1905.5,420.3388882360314,0.01028107735789758,57452.86492284158,57452.86492284158,
8fdfb41741,3000,38,195700,1957.0,213.25928519992405,0.007516060184615208,40898.530896166805,40898.530896166805,
8fdfb41741,3000,39,200850,2008.5,102.43943633843902,0.005195173157468103,28334.752571188452,28334.752571188452,
8fdfb41741,3000,40,206000,2060.0,49.547384219500906,0.0037115422914316314,19724.57518481948,19724.57518481948,
8fdfb41741,3000,41,211150,2111.5,22.490037000037837,0.002316511443250862,13274.745447749481,13274.745447749481,
8fdfb41741,3000,42,216300,2163.0,11.960904028850884,0.0018249984464512228,9675.06028362251,9675.06028362251,
8fdfb41741,3000,43,221450,2214.5,5.426130357369224,0.0012639544623819566,6529.430094695439,6529.430094695439,
8fdfb41741,3000,44,226600,2266.0,2.294244981798275,0.0007798151846585469,4246.295586204248,4246.295586204248,
8fdfb41741,3000,45,231750,2317.5,1.1043237866054458,0.00042625422639784577,2937.940016886547,2937.940016886547,
8fdfb41741,3000,46,236900,2369.0,0.7510792214857855,0.00046127216690382825,2427.9604171226347,2427.9604171226347,
8fdfb41741,3000,47,242050,2420.5,0.3333079087678831,0.0002929572627973625,1614.95137233002,1614.95137233002,
8fdfb41741,3000,48,247200,2472.0,0.16538092799441026,0.00022267430929539457,1139.6200823229296,1139.6200823229296,
8fdfb41741,3000,49,252350,2523.5,0.06834275911361262,0.00012765839715255276,732.3423800911861,732.3423800911861,
8fdfb41741,3000,50,257500,2575.0,0.03642756307360266,9.706637297732431e-05,533.9893559412379,533.9893559412379,
8fdfb41741,3000,51,262650,2626.5,0.017975269201953352,5.761922222092053e-05,375.31192000706585,375.31192000706585,
8fdfb41741,3000,52,267800,2678.0,0.011464891514866214,5.5007873388549326e-05,299.7494862020073,299.7494862020073,
8fdfb41741,3000,53,272950,2729.5,0.005534899566796428,4.0273832902081755e-05,208.06344067113577,208.06344067113577,
8fdfb41741,3000,54,278100,2781.0,0.002358481106644522,2.3204996396820717e-05,135.83380294286545,135.83380294286545,
8fdfb41741,3000,55,283250,2832.5,0.0013037226811931312,1.7849905929828724e-05,101.03665370963505,101.03665370963505,
8fdfb41741,3000,56,288400,2884.0,0.000679453322908664,1.3005855654470771e-05,72.90086990953778,72.90086990953778,
8fdfb41741,3000,57,293550,2935.5,0.00034819339614181527,9.254162453232083e-06,52.209177119764426,52.209177119764426,
8fdfb41741,3000,58,298700,2987.0,0.0001805589063776964,,37.6284163803579,37.6284163803579,
15eb6cbcbf,3000,0,0,0.0,1103212569430.8875,65.49216843768045,2947735965.0677257,2947735965.0677257,"ProjectedCommonDirectionsConfig(subspace_frac_grads=0, subspace_frac_updates=0, subspace_frac_random=0.5, direction_str=newton, use_hess=True, inner_use_full_grad=True, reg_lambda=0, orth_P_k=True, beta=0.001, tau=0.5, c_const=inf, N_try=200, alpha_max=1, p_const=1)"
15eb6cbcbf,3000,1,5150,51.5,1007367182169.0392,141.9255817677697,2815959242.5676074,2815959242.5676074,
15eb6cbcbf,3000,2,10300,103.0,767634468633.4972,166.58493085138682,2457667240.132272,2457667240.132272,
15eb6cbcbf,3000,3,15450,154.5,536568875141.86444,1.7441353832246856e-13,2052218568.3619316,2052218568.3619316,
15eb6cbcbf,3000,4,20600,206.0,536568875141.86444,40.8584771858151,2052218568.3619316,2052218568.3619316,
15eb6cbcbf,3000,5,25750,257.5,535510996015.6443,214.36122271065022,2050124108.0893517,2050124108.0893517,
15eb6cbcbf,3000,6,30900,309.0,392084465700.35583,3.284992679378049e-14,1755150463.396585,1755150463.396585,
15eb6cbcbf,3000,7,36050,360.5,392084465700.35583,33.31995960247684,1755150463.396585,1755150463.396585,
15eb6cbcbf,3000,8,41200,412.0,391407063837.10254,139.85602802412964,1756264981.8840091,1756264981.8840091,
15eb6cbcbf,3000,9,46350,463.5,383600937399.218,61.27148774541798,1734378609.9198205,1734378609.9198205,
15eb6cbcbf,3000,10,51500,515.0,381699530626.824,3.562678513731324e-13,1730331304.2023096,1730331304.2023096,
15eb6cbcbf,3000,11,56650,566.5,381699530626.824,1.8241828229199028e-13,1730331304.2023096,1730331304.2023096,
15eb6cbcbf,3000,12,61800,618.0,381699530626.824,2.902355012377009e-14,1730331304.2023098,1730331304.2023098,
15eb6cbcbf,3000,13,66950,669.5,381699530626.824,273.4603103276588,1730331304.2023098,1730331304.2023098,
15eb6cbcbf,3000,14,72100,721.0,304556384598.703,304.3694986511753,1549447382.840295,1549447382.840295,
15eb6cbcbf,3000,15,77250,772.5,154591578946.25604,235.14742242601451,1103954179.7517252,1103954179.7517252,
15eb6cbcbf,3000,16,82400,824.0,53414739443.23872,115.26406403854676,647338055.2193527,647338055.2193527,
15eb6cbcbf,3000,17,87550,875.5,27118509489.165672,91.98812667291342,458954613.71462625,458954613.71462625,
15eb6cbcbf,3000,18,92700,927.0,11217148949.556973,48.19088281709479,296275870.6976849,296275870.6976849,
15eb6cbcbf,3000,19,97850,978.5,6740926231.495158,37.1821600026162,229761629.9799937,229761629.9799937,
15eb6cbcbf,3000,20,103000,1030.0,4025831399.7792163,31.395788817235633,177830396.16003442,177830396.16003442,
15eb6cbcbf,3000,21,108150,1081.5,2090915371.1316762,25.31141987024844,128369467.10501808,128369467.10501808,
15eb6cbcbf,3000,22,113300,1133.0,830775202.1622313,12.464898997218794,80557870.92994496,80557870.92994496,
15eb6cbcbf,3000,23,118450,1184.5,526324312.2751334,12.226373094448144,64183241.76659782,64183241.76659782,
15eb6cbcbf,3000,24,123600,1236.0,233775522.82417914,7.979310669687941,42793703.486133136,42793703.486133136,
15eb6cbcbf,3000,25,128750,1287.5,109343873.75552137,5.062983586777201,29277643.37860482,29277643.37860482,
15eb6cbcbf,3000,26,133900,1339.0,58960209.35363933,4.1779478188039905,21536115.2127815,21536115.2127815,
15eb6cbcbf,3000,27,139050,1390.5,24619370.403528266,2.4805670331236724,13887300.863801012,13887300.863801012,
15eb6cbcbf,3000,28,144200,1442.0,12556620.018918907,1.762023212212767,9918511.903090658,9918511.903090658,
15eb6cbcbf,3000,29,149350,1493.5,6473473.939735137,1.3319972624294807,7125054.48390404,7125054.48390404,
15eb6cbcbf,3000,30,154500,1545.0,3002166.072848755,0.8582496338047195,4856527.955547686,4856527.955547686,
15eb6cbcbf,3000,31,159650,1596.5,1563532.0594502988,0.6504154565442507,3503176.334634016,3503176.334634016,
15eb6cbcbf,3000,32,164800,1648.0,733626.7469692419,0.4813902321759345,2397225.3763533295,2397225.3763533295,
15eb6cbcbf,3000,33,169950,1699.5,280369.76924277283,0.2913171706858324,1483705.1102789133,1483705.1102789133,
15eb6cbcbf,3000,34,175100,1751.0,114004.37023393276,0.1676096895505129,944456.5240323234,944456.5240323234,
15eb6cbcbf,3000,35,180250,1802.5,58899.50315067252,0.11764469631397768,678791.28130227,678791.28130227,
15eb6cbcbf,3000,36,185400,1854.0,31840.802477175348,0.0949325282317607,499619.4783437671,499619.4783437671,
15eb6cbcbf,3000,37,190550,1905.5,14229.061842755915,0.058963540763758496,333952.8099098555,333952.8099098555,
15eb6cbcbf,3000,38,195700,1957.0,7416.888600643602,0.041754142859052684,241149.84911372227,241149.84911372227,
15eb6cbcbf,3000,39,200850,2008.5,4001.198256590455,0.03396614397631437,177110.69035632277,177110.69035632277,
15eb6cbcbf,3000,40,206000,2060.0,1739.1541052782366,0.020801769816185887,116910.72515000364,116910.72515000364,
15eb6cbcbf,3000,41,211150,2111.5,885.9780469732984,0.01564433424786534,83336.60929878388,83336.60929878388,
15eb6cbcbf,3000,42,216300,2163.0,405.82927718042623,0.009623767939439202,56434.33967740469,56434.33967740469,
15eb6cbcbf,3000,43,221450,2214.5,224.14756223510423,0.007984707884698065,41926.638270337746,41926.638270337746,
15eb6cbcbf,3000,44,226600,2266.0,99.04284362985587,0.00505929288706796,27872.155584532084,27872.155584532084,
15eb6cbcbf,3000,45,231750,2317.5,48.93112136176967,0.0033911842766662127,19584.530723148135,19584.530723148135,
15eb6cbcbf,3000,46,236900,2369.0,26.410389307042475,0.002476591825791684,14394.540543238232,14394.540543238232,
15eb6cbcbf,3000,47,242050,2420.5,14.394988659152459,0.0018204342602353059,10622.383411364677,10622.383411364677,
15eb6cbcbf,3000,48,247200,2472.0,7.8957118239493775,0.001471703296343005,7865.516939885775,7865.516939885775,
15eb6cbcbf,3000,49,252350,2523.5,3.652009637930903,0.0009377562834276315,5350.394034961426,5350.394034961426,
15eb6cbcbf,3000,50,257500,2575.0,1.92865271547994,0.0007172983314557349,3888.2245207410992,3888.2245207410992,
15eb6cbcbf,3000,51,262650,2626.5,0.9217418619001911,0.00048279886961713286,2688.633470843095,2688.633470843095,
15eb6cbcbf,3000,52,267800,2678.0,0.46479442253798636,0.000333502251228895,1908.7385154085034,1908.7385154085034,
15eb6cbcbf,3000,53,272950,2729.5,0.24665297427794575,0.0002376528777960817,1390.470951344937,1390.470951344937,
15eb6cbcbf,3000,54,278100,2781.0,0.13609372732454741,0.00019783256975642772,1033.2059960097708,1033.2059960097708,
15eb6cbcbf,3000,55,283250,2832.5,0.05927970937358466,0.00012177736083041477,681.7898392065325,681.7898392065325,
15eb6cbcbf,3000,56,288400,2884.0,0.030218833180074775,8.974618418199605e-05,486.7683658318171,486.7683658318171,
15eb6cbcbf,3000,57,293550,2935.5,0.014432099317053738,6.2876223271897e-05,336.3008517827433,336.3008517827433,
15eb6cbcbf,3000,58,298700,2987.0,0.00669789507077738,,229.26631481497336,229.26631481497336,
ab653e23cf,3000,0,0,0.0,1103212569430.8875,1.1019475045196486e-12,2947735965.0677257,2947735965.0677257,"ProjectedCommonDirectionsConfig(subspace_frac_grads=0, subspace_frac_updates=0, subspace_frac_random=0.5, direction_str=newton, use_hess=True, inner_use_full_grad=True, reg_lambda=0, orth_P_k=True, beta=0.001, tau=0.5, c_const=inf, N_try=200, alpha_max=1, p_const=1)"
ab653e23cf,3000,1,5150,51.5,1103212569430.8875,163.34418599212023,2947735965.0677257,2947735965.0677257,
ab653e23cf,3000,2,10300,103.0,841437854205.9905,152.72601222102574,2571606416.245754,2571606416.245754,
ab653e23cf,3000,3,15450,154.5,641008353914.8848,163.31273011866705,2244184942.4531775,2244184942.4531775,
ab653e23cf,3000,4,20600,206.0,450234368000.7496,261.05668794329364,1878633138.1074526,1878633138.1074526,
ab653e23cf,3000,5,25750,257.5,279691933677.61786,9.959362845467786e-13,1482682106.7030308,1482682106.7030308,
ab653e23cf,3000,6,30900,309.0,279691933677.6178,246.08524242159257,1482682106.703031,1482682106.703031,
ab653e23cf,3000,7,36050,360.5,131476099321.11125,217.01381464374842,1015961141.4721053,1015961141.4721053,
ab653e23cf,3000,8,41200,412.0,97835518196.15536,163.18905319270473,873935923.6448684,873935923.6448684,
ab653e23cf,3000,9,46350,463.5,44749746098.62619,117.00000642227923,590563493.0623542,590563493.0623542,
ab653e23cf,3000,10,51500,515.0,18941677958.973648,70.66681928502148,384590162.86537737,384590162.86537737,
ab653e23cf,3000,11,56650,566.5,9279296872.954197,49.21309487164653,269493365.27383095,269493365.27383095,
ab653e23cf,3000,12,61800,618.0,4513628752.164203,31.624888203178,187840977.86084828,187840977.86084828,
ab653e23cf,3000,13,66950,669.5,2574252160.7029786,26.22833365581677,142019492.7073305,142019492.7073305,
ab653e23cf,3000,14,72100,721.0,1223998838.4543703,19.300509039713262,97962494.69913651,97962494.69913651,
ab653e23cf,3000,15,77250,772.5,494232711.6114999,11.802732862498859,62278413.29641382,62278413.29641382,
ab653e23cf,3000,16,82400,824.0,220518541.25823167,7.516599312518611,41580002.51067183,41580002.51067183,
ab653e23cf,3000,17,87550,875.5,110125302.93390426,5.324970858738608,29389624.059945535,29389624.059945535,
ab653e23cf,3000,18,92700,927.0,54616788.061480895,3.6004295047564234,20698819.24842676,20698819.24842676,
ab653e23cf,3000,19,97850,978.5,29234093.094863106,2.4380998199820887,15146966.787667224,15146966.787667224,
ab653e23cf,3000,20,103000,1030.0,17581921.400588535,1.9605514420777908,11752278.253880804,11752278.253880804,
ab653e23cf,3000,21,108150,1081.5,10047070.810891401,1.452069611734695,8880842.095409764,8880842.095409764,
ab653e23cf,3000,22,113300,1133.0,5916733.6921243835,1.316705473460358,6811116.887952781,6811116.887952781,
ab653e23cf,3000,23,118450,1184.5,2522198.513050487,0.8173138803827773,4446593.279568658,4446593.279568658,
ab653e23cf,3000,24,123600,1236.0,1213476.8279681958,0.5776660075352651,3083619.066538999,3083619.066538999,
ab653e23cf,3000,25,128750,1287.5,560931.1238226491,0.4127219791838702,2094262.335631023,2094262.335631023,
ab653e23cf,3000,26,133900,1339.0,227135.71545347085,0.20970176031299945,1333872.1510572066,1333872.1510572066,
ab653e23cf,3000,27,139050,1390.5,141045.78125563104,0.20232458700952805,1051734.896353897,1051734.896353897,
ab653e23cf,3000,28,144200,1442.0,60960.513593128504,0.1070680215532625,691811.1636721002,691811.1636721002,
ab653e23cf,3000,29,149350,1493.5,38473.37007873721,0.11169443988788397,549359.2232508574,549359.2232508574,
ab653e23cf,3000,30,154500,1545.0,13937.00409089477,0.05379318722251116,330808.0925572084,330808.0925572084,
ab653e23cf,3000,31,159650,1596.5,8248.996190830054,0.046041453456628696,254340.75660854747,254340.75660854747,
ab653e23cf,3000,32,164800,1648.0,4091.5362622524567,0.03447210934662149,179118.4023462424,179118.4023462424,
ab653e23cf,3000,33,169950,1699.5,1765.3615567119682,0.02058238779106293,117633.02716368197,117633.02716368197,
ab653e23cf,3000,34,175100,1751.0,933.0147220301492,0.015178960051400224,85605.46051456014,85605.46051456014,
ab653e23cf,3000,35,180250,1802.5,481.34427404719764,0.010705599248486575,61584.6250550537,61584.6250550537,
ab653e23cf,3000,36,185400,1854.0,255.65072052237085,0.008396025774536086,44776.43438180951,44776.43438180951,
ab653e23cf,3000,37,190550,1905.5,117.1736776704622,0.005782520339140698,30292.177604192857,30292.177604192857,
ab653e23cf,3000,38,195700,1957.0,51.65525808495856,0.0034692509220110054,20108.256972654654,20108.256972654654,
ab653e23cf,3000,39,200850,2008.5,28.149178380543358,0.0024588549111139797,14864.586687406345,14864.586687406345,
ab653e23cf,3000,40,206000,2060.0,16.25209969041443,0.002106784713512038,11287.243844064076,11287.243844064076,
ab653e23cf,3000,41,211150,2111.5,7.545906142855843,0.0014659364480198516,7687.638117797195,7687.638117797195,
ab653e23cf,3000,42,216300,2163.0,3.332866989276931,0.000756757287330939,5109.098071328139,5109.098071328139,
ab653e23cf,3000,43,221450,2214.5,2.210476370571627,0.0007269164784982721,4162.601072417884,4162.601072417884,
ab653e23cf,3000,44,226600,2266.0,1.175909031238256,0.0005869545825308248,3038.3340226794435,3038.3340226794435,
ab653e23cf,3000,45,231750,2317.5,0.4994856419063352,0.0003949151087951544,1978.8265525396143,1978.8265525396143,
ab653e23cf,3000,46,236900,2369.0,0.19415851897344755,0.0002168848188842161,1231.531169568126,1231.531169568126,
ab653e23cf,3000,47,242050,2420.5,0.10239088345010625,0.00018356562348507003,895.6320266948709,895.6320266948709,
ab653e23cf,3000,48,247200,2472.0,0.03634815388223819,9.472272482316092e-05,533.712937010829,533.712937010829,
ab653e23cf,3000,49,252350,2523.5,0.018766659557054744,6.827837598973717e-05,383.62711419128664,383.62711419128664,
ab653e23cf,3000,50,257500,2575.0,0.009642985404767495,4.903903770618071e-05,274.98507610946126,274.98507610946126,
ab653e23cf,3000,51,262650,2626.5,0.004929732473465041,3.58153573131876e-05,196.7144775147133,196.7144775147133,
ab653e23cf,3000,52,267800,2678.0,0.002414327454446373,2.5196747720016387e-05,137.62521287358695,137.62521287358695,
ab653e23cf,3000,53,272950,2729.5,0.0011692916593872057,1.5141241318140561e-05,95.77001720943316,95.77001720943316,
ab653e23cf,3000,54,278100,2781.0,0.0007189585043899861,1.4073748001069101e-05,75.20641877785067,75.20641877785067,
ab653e23cf,3000,55,283250,2832.5,0.0003286980077925162,9.868755067726603e-06,50.76493150366474,50.76493150366474,
ab653e23cf,3000,56,288400,2884.0,0.00013786195633081266,6.837898318326332e-06,32.88884955408389,32.88884955408389,
ab653e23cf,3000,57,293550,2935.5,4.617922488122885e-05,3.3527405782251605e-06,19.033645059284538,19.033645059284538,
ab653e23cf,3000,58,298700,2987.0,2.4133622379916685e-05,,13.753854895610436,13.753854895610436,
a959c7af23,3000,0,0,0.0,1103212569430.8875,104.63445495344422,2947735965.0677257,2947735965.0677257,"ProjectedCommonDirectionsConfig(subspace_frac_grads=0, subspace_frac_updates=0, subspace_frac_random=0.5, direction_str=newton, use_hess=True, inner_use_full_grad=True, reg_lambda=0, orth_P_k=True, beta=0.001, tau=0.5, c_const=inf, N_try=200, alpha_max=1, p_const=1)"
a959c7af23,3000,1,5150,51.5,969023708397.4342,2.142426479606842e-13,2762619078.897123,2762619078.897123,
a959c7af23,3000,2,10300,103.0,969023708397.4342,3.9773812774302015e-14,2762619078.897123,2762619078.897123,
a959c7af23,3000,3,15450,154.5,969023708397.4342,2.8933049098811777e-13,2762619078.897123,2762619078.897123,
a959c7af23,3000,4,20600,206.0,969023708397.4341,6.356947143886034e-14,2762619078.8971233,2762619078.8971233,
a959c7af23,3000,5,25750,257.5,969023708397.4341,120.58004977202461,2762619078.8971233,2762619078.8971233,
a959c7af23,3000,6,30900,309.0,948077621103.6093,109.52404754479969,2731721388.1144814,2731721388.1144814,
a959c7af23,3000,7,36050,360.5,933293348407.5769,128.1270036277946,2710276149.650088,2710276149.650088,
a959c7af23,3000,8,41200,412.0,932884468298.3983,249.24003574766027,2712950877.1779065,2712950877.1779065,
a959c7af23,3000,9,46350,463.5,595747089338.3306,287.11765345106363,2166330634.1944795,2166330634.1944795,
a959c7af23,3000,10,51500,515.0,303870507029.31635,280.17692721900204,1551996585.049267,1551996585.049267,
a959c7af23,3000,11,56650,566.5,172490973573.584,222.82298808493758,1163124995.9837172,1163124995.9837172,
a959c7af23,3000,12,61800,618.0,83138842292.29997,146.69936133745244,808693447.6193576,808693447.6193576,
a959c7af23,3000,13,66950,669.5,41190662851.59581,96.78487855928891,569909139.4738007,569909139.4738007,
a959c7af23,3000,14,72100,721.0,22556448945.60363,79.66075739567785,421788836.8353653,421788836.8353653,
a959c7af23,3000,15,77250,772.5,10153511227.279068,50.95568106056815,283060385.93895346,283060385.93895346,
a959c7af23,3000,16,82400,824.0,5056769552.6660795,35.33374077460827,199407136.62673825,199407136.62673825,
a959c7af23,3000,17,87550,875.5,2566019030.7745523,29.408683778015945,141793987.53567335,141793987.53567335,
a959c7af23,3000,18,92700,927.0,870120984.8850762,15.443579454844377,82476014.10557492,82476014.10557492,
a959c7af23,3000,19,97850,978.5,400165610.71132886,9.110123260844862,55927489.85413326,55927489.85413326,
a959c7af23,3000,20,103000,1030.0,238261779.45356563,7.253387104159536,43191670.31074382,43191670.31074382,
a959c7af23,3000,21,108150,1081.5,135277326.01798037,6.153824458058992,32562991.596231535,32562991.596231535,
a959c7af23,3000,22,113300,1133.0,61190837.75967705,3.758808881555787,21896225.830906495,21896225.830906495,
a959c7af23,3000,23,118450,1184.5,33507484.56471757,2.831545794760355,16212632.067996541,16212632.067996541,
a959c7af23,3000,24,123600,1236.0,17733938.498585157,2.4207156790710154,11783337.001831904,11783337.001831904,
a959c7af23,3000,25,128750,1287.5,6262898.472310032,1.276632541731924,7006338.615354162,7006338.615354162,
a959c7af23,3000,26,133900,1339.0,3068731.5161877875,1.0029994128624533,4906543.455157729,4906543.455157729,
a959c7af23,3000,27,139050,1390.5,1094414.6784977617,0.5692600752384894,2929766.8411471546,2929766.8411471546,
a959c7af23,3000,28,144200,1442.0,459229.46294230985,0.36855952873494024,1897699.3450029371,1897699.3450029371,
a959c7af23,3000,29,149350,1493.5,193034.26333202515,0.21892640162809665,1230086.07230707,1230086.07230707,
a959c7af23,3000,30,154500,1545.0,99054.46260975134,0.13438400513774665,881097.313527772,881097.313527772,
a959c7af23,3000,31,159650,1596.5,63646.58549515453,0.13618717787549442,706107.1526099754,706107.1526099754,
a959c7af23,3000,32,164800,1648.0,27238.220793791133,0.07832292667026491,461952.26007256325,461952.26007256325,
a959c7af23,3000,33,169950,1699.5,15220.368088819183,0.0620034866265797,345396.6165532608,345396.6165532608,
a959c7af23,3000,34,175100,1751.0,7686.605814515572,0.04526770638875071,245909.90618183828,245909.90618183828,
a959c7af23,3000,35,180250,1802.5,3676.1690434689312,0.03325101379859947,170038.44375398633,170038.44375398633,
a959c7af23,3000,36,185400,1854.0,1505.4952585991753,0.017634813815926874,108730.77425512389,108730.77425512389,
a959c7af23,3000,37,190550,1905.5,895.7771821172926,0.015752969461126705,83759.20428378855,83759.20428378855,
a959c7af23,3000,38,195700,1957.0,409.234515259336,0.008495712691533045,56561.67719659607,56561.67719659607,
a959c7af23,3000,39,200850,2008.5,267.60697492299687,0.008590334713804168,45690.01604710136,45690.01604710136,
a959c7af23,3000,40,206000,2060.0,123.6654329633927,0.0058701710358172255,31168.15204231902,31168.15204231902,
a959c7af23,3000,41,211150,2111.5,56.19597581190058,0.0037841717183710157,21008.98518851316,21008.98518851316,
a959c7af23,3000,42,216300,2163.0,28.07778929375927,0.002664105172694162,14840.168064475401,14840.168064475401,
a959c7af23,3000,43,221450,2214.5,14.141391482771585,0.0020462187473854632,10535.771886130182,10535.771886130182,
a959c7af23,3000,44,226600,2266.0,5.927178449337894,0.0011877533545186702,6805.328958776854,6805.328958776854,
a959c7af23,3000,45,231750,2317.5,3.1721388420868952,0.0008611341290799732,4985.970166505256,4985.970166505256,
a959c7af23,3000,46,236900,2369.0,1.7187680430734564,0.0006625864346765818,3669.9507995665044,3669.9507995665044,
a959c7af23,3000,47,242050,2420.5,0.8595390862369691,0.000537532680636329,2596.3455569610837,2596.3455569610837,
a959c7af23,3000,48,247200,2472.0,0.2927123087463692,0.00026916703599217317,1514.824866389113,1514.824866389113,
a959c7af23,3000,49,252350,2523.5,0.15066437641150648,0.00019747363375781742,1086.6210930236916,1086.6210930236916,
a959c7af23,3000,50,257500,2575.0,0.07422306527627089,0.000146421293018156,761.8869262062095,761.8869262062095,
a959c7af23,3000,51,262650,2626.5,0.03223155993096782,9.754434887903364e-05,502.7397905687027,502.7397905687027,
a959c7af23,3000,52,267800,2678.0,0.013590989505850994,5.751716314731243e-05,326.4674068913686,326.4674068913686,
a959c7af23,3000,53,272950,2729.5,0.007107205842000821,4.340936486243096e-05,236.11122498302666,236.11122498302666,
a959c7af23,3000,54,278100,2781.0,0.0034147554250975785,2.5151472317698655e-05,163.62806214002674,163.62806214002674,
a959c7af23,3000,55,283250,2832.5,0.0021761047517768746,2.6448464049636606e-05,130.6777075037032,130.6777075037032,
a959c7af23,3000,56,288400,2884.0,0.0008011051905635252,1.1825389805375325e-05,79.275119619632,79.275119619632,
a959c7af23,3000,57,293550,2935.5,0.0005271213027253771,1.224236485742666e-05,64.28408986793684,64.28408986793684,
a959c7af23,3000,58,298700,2987.0,0.00023345389406896776,,42.78330308062608,42.78330308062608,
25945f1880,3000,0,0,0.0,1103212569430.8875,113.74968613649054,2947735965.0677257,2947735965.0677257,"ProjectedCommonDirectionsConfig(subspace_frac_grads=0, subspace_frac_updates=0, subspace_frac_random=0.5, direction_str=newton, use_hess=True, inner_use_full_grad=True, reg_lambda=0, orth_P_k=True, beta=0.001, tau=0.5, c_const=inf, N_try=200, alpha_max=1, p_const=1)"
25945f1880,3000,1,5150,51.5,947326790978.7461,244.08314310627154,2730756037.5766506,2730756037.5766506,
25945f1880,3000,2,10300,103.0,736034065651.4622,73.3968565832968,2406443643.192893,2406443643.192893,
25945f1880,3000,3,15450,154.5,725774177259.2759,313.9970725698655,2390059607.748993,2390059607.748993,
25945f1880,3000,4,20600,206.0,436969988984.55945,115.43165848299654,1854313151.0447717,1854313151.0447717,
25945f1880,3000,5,25750,257.5,434709495561.5912,5.387394088360578e-13,1849626424.9345748,1849626424.9345748,
25945f1880,3000,6,30900,309.0,434709495561.5912,80.05829846774854,1849626424.9345748,1849626424.9345748,
25945f1880,3000,7,36050,360.5,432147419904.58,272.30187203290865,1843767754.6455064,1843767754.6455064,
25945f1880,3000,8,41200,412.0,196026167137.57974,215.2863905319185,1240999964.1105773,1240999964.1105773,
25945f1880,3000,9,46350,463.5,103564550066.56033,149.51628887737374,901659717.2017148,901659717.2017148,
25945f1880,3000,10,51500,515.0,59436079864.08251,133.560198529776,681320656.2520176,681320656.2520176,
25945f1880,3000,11,56650,566.5,28314155007.791035,87.3837149626419,470353940.83507216,470353940.83507216,
25945f1880,3000,12,61800,618.0,13550909145.225935,60.46646727895774,324698144.1897237,324698144.1897237,
25945f1880,3000,13,66950,669.5,6373970997.049746,39.14319361359288,223011619.3587392,223011619.3587392,
25945f1880,3000,14,72100,721.0,3401926027.8870726,31.672300045448754,163406640.28502488,163406640.28502488,
25945f1880,3000,15,77250,772.5,1452076795.070184,17.58772357787411,106869329.75352049,106869329.75352049,
25945f1880,3000,16,82400,824.0,848310357.7047154,13.187333906309409,81676957.99646164,81676957.99646164,
25945f1880,3000,17,87550,875.5,507618904.7056942,12.042357962950199,63171572.27037667,63171572.27037667,
25945f1880,3000,18,92700,927.0,222372288.5124785,7.658860789501442,41691947.330707125,41691947.330707125,
25945f1880,3000,19,97850,978.5,107395600.54306959,5.809595326962664,28993039.091073316,28993039.091073316,
25945f1880,3000,20,103000,1030.0,41195834.144696,3.287034891387222,17959647.5332208,17959647.5332208,
25945f1880,3000,21,108150,1081.5,20010906.293367613,2.574753292390924,12506638.726871971,12506638.726871971,
25945f1880,3000,22,113300,1133.0,7021268.697491488,1.2811300686639746,7405384.355161041,7405384.355161041,
25945f1880,3000,23,118450,1184.5,3804585.697039716,1.022204297777047,5450852.956831934,5450852.956831934,
25945f1880,3000,24,123600,1236.0,1755832.6115803071,0.7645391624651482,3701462.267410098,3701462.267410098,
25945f1880,3000,25,128750,1287.5,614131.8847298091,0.40554471245132745,2193645.370701779,2193645.370701779,
25945f1880,3000,26,133900,1339.0,292291.2102548843,0.2913866115530241,1513985.4341685637,1513985.4341685637,
25945f1880,3000,27,139050,1390.5,125933.4283611635,0.18788682239467946,993241.0097073028,993241.0097073028,
25945f1880,3000,28,144200,1442.0,56938.56979958211,0.11873493333182604,668238.055351567,668238.055351567,
25945f1880,3000,29,149350,1493.5,29297.096486799448,0.08409770731943611,479264.39187350083,479264.39187350083,
25945f1880,3000,30,154500,1545.0,15432.079097426058,0.060528428441295405,347780.6908849771,347780.6908849771,
25945f1880,3000,31,159650,1596.5,8255.372195405673,0.04974151085933227,254262.93509085767,254262.93509085767,
25945f1880,3000,32,164800,1648.0,3407.9525902772716,0.028377519158071168,163645.66067702023,163645.66067702023,
25945f1880,3000,33,169950,1699.5,1829.0932490164507,0.022938225111354633,120276.31672615444,120276.31672615444,
25945f1880,3000,34,175100,1751.0,793.8080345206645,0.013998061251666721,79072.69060966259,79072.69060966259,
25945f1880,3000,35,180250,1802.5,409.72753098518115,0.010425624472162387,56788.65904285679,56788.65904285679,
25945f1880,3000,36,185400,1854.0,196.0718700196262,0.007285924149368493,39217.92095434546,39217.92095434546,
25945f1880,3000,37,190550,1905.5,91.85865593654508,0.005007629750668118,26816.922938584674,26816.922938584674,
25945f1880,3000,38,195700,1957.0,42.69706808925954,0.003253200142333703,18272.49938935232,18272.49938935232,
25945f1880,3000,39,200850,2008.5,21.99458809734689,0.0022915635574184186,13131.934058176706,13131.934058176706,
25945f1880,3000,40,206000,2060.0,11.700505369836689,0.0017832022860852386,9620.541605795503,9620.541605795503,
25945f1880,3000,41,211150,2111.5,5.446787865733767,0.0010991047559120385,6551.002239970484,6551.002239970484,
25945f1880,3000,42,216300,2163.0,3.076488462426704,0.0008355104983133676,4922.231247102649,4922.231247102649,
25945f1880,3000,43,221450,2214.5,1.7014856171963704,0.0005691179851902705,3653.771877446006,3653.771877446006,
25945f1880,3000,44,226600,2266.0,1.0668543742975742,0.0005776104011085432,2893.6383757517565,2893.6383757517565,
25945f1880,3000,45,231750,2317.5,0.41325066280057243,0.00030509738915572907,1799.4072239673721,1799.4072239673721,
25945f1880,3000,46,236900,2369.0,0.2310302536084539,0.00024130649875669756,1345.8653814558115,1345.8653814558115,
25945f1880,3000,47,242050,2420.5,0.11684952052079907,0.00016463084449716537,957.3953108954593,957.3953108954593,
25945f1880,3000,48,247200,2472.0,0.0637410425355727,0.00011776101483651864,707.2880358399206,707.2880358399206,
25945f1880,3000,49,252350,2523.5,0.03660072773976715,0.00010613566716769784,536.1969468851356,536.1969468851356,
25945f1880,3000,50,257500,2575.0,0.014523306673138388,6.590291190835878e-05,337.7479920452694,337.7479920452694,
25945f1880,3000,51,262650,2626.5,0.005972301361536087,3.904292987806272e-05,216.41421159528667,216.41421159528667,
25945f1880,3000,52,267800,2678.0,0.0029846015106029197,2.937687141929976e-05,153.10437777897968,153.10437777897968,
25945f1880,3000,53,272950,2729.5,0.0012925446886207265,1.926575170947109e-05,100.65517507271923,100.65517507271923,
25945f1880,3000,54,278100,2781.0,0.000565793791703369,1.105924482483719e-05,66.6618340452761,66.6618340452761,
25945f1880,3000,55,283250,2832.5,0.0003258303592908,1.0473234793159654e-05,50.526455622024606,50.526455622024606,
25945f1880,3000,56,288400,2884.0,0.00011049583733880855,6.04306873794739e-06,29.416035050800282,29.416035050800282,
25945f1880,3000,57,293550,2935.5,3.889125613744668e-05,3.2446085092810274e-06,17.44988985575756,17.44988985575756,
25945f1880,3000,58,298700,2987.0,1.8272157785803714e-05,,11.966125632879258,11.966125632879258,
